THỨC ĂN,SỐ LƯỢNG,CALO (kcal),ĐẠM (g),BÉO (g),BỘT / ĐƯỜNG (g),XƠ (g),Normalized,image
Cơm trắng,1 chén vừa,200,4.6,0.6,44.2,0.23,com-trang,https://nld.mediacdn.vn/k:thumb_w/540/2016/comtrang-1455938131366/com-trang.jpg
Cơm trắng,1 đĩa cơm phần,406,9.3,1.2,89.9,0.47,com-trang,https://nld.mediacdn.vn/k:thumb_w/540/2016/comtrang-1455938131366/com-trang.jpg
Bầu xào trứng,1 đĩa,109,4.0,8.5,4.0,1.3,bau-xao-trung,https://i.ytimg.com/vi/NofPEKgr5DA/maxresdefault.jpg
Bò bía,3 cuốn,93,5.8,4.3,7.7,0.47,bo-bia,https://st2.depositphotos.com/2635513/5994/i/950/depositphotos_59944493-stock-photo-vietnamese-food-bo-bia.jpg
Bò cuốn lá lốt,8 cuốn,841,49.0,12.5,133.1,6.86,bo-cuon-la-lot,http://s3.amazonaws.com/grecipes/public/pictures/recipes/5635/img_6468.jpg
Bò cuốn mỡ chài,8 cuốn,1180,60.4,46.1,130.9,5.86,bo-cuon-mo-chai,https://khamphamonngon.com/wp-content/uploads/2015/05/bo-cuon-mo-chai.jpg
Cá bạc má chiên,1 con,135,13.1,9.1,0.0,0.0,ca-bac-ma-chien,https://yummyday.vn/uploads/images/ca-bac-ma-chien-1.jpg
Cá bạc má kho,1 con,167,21.1,5.3,8.7,0.04,ca-bac-ma-kho,http://unuquan.com/wp-content/uploads/2012/12/Ca-bac-ma-kho.jpg
Cá cơm lăn bột chiên,1 đĩa,195,9.7,9.7,17.3,0.15,ca-com-lan-bot-chien,https://i.ytimg.com/vi/3Zx0JYpFYNg/maxresdefault.jpg
Cá chép chưng tương,1 con,156,16.4,6.6,7.9,0.11,ca-chep-chung-tuong,https://cudat.vn/wp-content/uploads/2017/05/cach-lam-mon-ca-chep-chung-tuong-thom-ngon-don-gian-160026.jpg
Cá chim chiên,1 con,111,10.5,7.6,0.0,0.0,ca-chim-chien,http://bepmonngon.com/wp-content/uploads/ca-chim-chien-gion.jpg
Cá đối chiên,1 con,108,9.8,7.7,0.0,0.0,ca-oi-chien,http://www.monngon.tv/uploads/images/images/ca-hoi-chien-gion.jpg
Cá đối kho,1 con,82,10.2,2.7,4.4,0.02,ca-oi-kho,https://huyhaisan.com/wp-content/uploads/2019/05/ca-hoi-kho.jpg
Cá hú kho,1 lát cá,184,15.6,9.7,8.7,0.04,ca-hu-kho,https://bepxua.vn/wp-content/uploads/2020/07/ca-hu-kho.jpg
Cá lóc chiên,1 lát,169,14.9,12.2,0.0,0.0,ca-loc-chien,https://thegioiamthuc.com/wp-content/uploads/2019/03/ca-loc-chien-600x399.png
Cá lóc kho,1 lát cá,131,15.7,3.8,8.7,0.04,ca-loc-kho,http://monanquenha.com/wp-content/uploads/2019/07/kho-ca-loc-ngon.jpg
Cá ngừ kho,1 lát cá,122,17.7,1.8,8.7,0.04,ca-ngu-kho,http://cakholangvudai.com/wp-content/uploads/2015/01/ca-ngu-kho123.jpg
Cá trê chiên,1 con,219,12.4,18.9,0.0,0.0,ca-tre-chien,http://bepmonngon.com/wp-content/uploads/ca-tre-chien-mam-gung.jpg
Cá viên kho,10 viên nhỏ,100,15.1,2.8,3.5,0.01,ca-vien-kho,http://phocalinj.net/wp-content/uploads/2020/01/MI-KHO-CA-VIEN.jpg
Canh bắp cải,1 chén,37,1.8,2.1,2.8,0.82,canh-bap-cai,https://i.pinimg.com/originals/c9/80/94/c98094516ea77bbe1045bff691479e5e.jpg
Canh bầu,1 chén,30,1.2,2.1,1.5,0.52,canh-bau,https://wikiohana.net/wp-content/uploads/2018/11/canh-bau-nau-tom.jpg
Canh bí đao,1 chén,29,1.2,2.1,1.3,0.52,canh-bi-ao,http://runcooking.com/wp-content/uploads/2016/07/canh-bi-do-recipe.jpg
Canh bí rợ,1 chén,42,1.2,2.1,4.6,0.64,canh-bi-ro,http://1.bp.blogspot.com/-ZqzdHHXTTIg/UGJTqUtbBXI/AAAAAAAAAsQ/Q_IBucgdw-M/s1600/IMG_5797.JPG
Canh cải ngọt,1 chén,30,1.7,2.1,1.1,0.9,canh-cai-ngot,https://mamasnowcooks.com/wp-content/uploads/2018/09/canh-cai-ngo-8.jpg
Canh chua,1 chén,29,1.9,1.1,2.9,1.19,canh-chua,https://media.vov.vn/sites/default/files/styles/large/public/2020-10/nau5.jpg
Canh hẹ,1 chén,33,2.9,2.1,0.7,0.35,canh-he,http://yeunoitro.net/wp-content/uploads/2015/02/Canh-he-nau-dau-hu-non1.jpg
Canh khoai mỡ,1 chén,51,1.5,1.1,8.7,0.56,canh-khoai-mo,https://i.pinimg.com/originals/95/fb/1c/95fb1c47ec10c7a51366f70cad16de67.jpg
Canh khổ qua hầm,1 chén,175,10.0,11.4,7.9,1.4,canh-kho-qua-ham,http://1.bp.blogspot.com/-u75FZCqrZ5Y/UoQclDhEy-I/AAAAAAAAAOM/mdTiMN8Icrg/s1600/kho+qua+ham+2.JPG
Canh mướp,1 chén,31,1.4,2.1,1.6,0.27,canh-muop,https://mvatoi.com.vn/upload/default/feed/canh-muop-1-3q9gv7.jpg
Canh rau dền,1 chén,22,0.9,2.1,0.1,0.0,canh-rau-den,https://nolimitcooking.files.wordpress.com/2020/07/img_6819.jpg?w=1800
Canh rau ngót,1 chén,29,1.9,2.1,0.7,0.5,canh-rau-ngot,https://giamcanthai.com/wp-content/uploads/2018/02/canh-rau-ngot.jpg
Cơm tấm bì,1 đĩa cơm phần,627,26.0,19.3,87.6,0.48,com-tam-bi,https://live.staticflickr.com/3390/3428465136_2e1875a5c8_b.jpg
Cơm tấm chả,1 đĩa cơm phần,592,17.0,18.1,90.7,1.03,com-tam-cha,https://quankim.000webhostapp.com/wp-content/uploads/2017/01/com-tam-suon-cha.jpg
Cơm tấm sườn,1 đĩa cơm phần,527,20.7,13.3,81.6,0.44,com-tam-suon,https://d13jio720g7qcs.cloudfront.net/images/guides/origin/5f5ef306e2f48.jpg
Chả cá thác lác chiên,1 miếng tròn,133,11.3,9.7,0.2,0.04,cha-ca-thac-lac-chien,https://tranquithanh.com/wp-content/uploads/2017/05/2689715941494945758-chaca.jpg
Chả giò chiên,10 cuốn,41,1.8,2.1,3.6,0.1,cha-gio-chien,http://3.bp.blogspot.com/-zSVMVuqJhSo/Uiw0XawpTMI/AAAAAAAAA8I/ucPeVaQCtsY/s1600/Screen+Shot+2013-09-08+at+3.23.47+PM.png
Chả lụa kho,1 khoanh,102,11.7,4.6,3.5,0.01,cha-lua-kho,http://1.bp.blogspot.com/-UFfQ_HJ6RMs/UoNG6vo_owI/AAAAAAAAAHA/m3dX3fpaKjM/s1600/cha+lua+kho+tieu+2.JPG
Chả trứng chưng,1 lát,195,11.3,13.9,6.0,0.35,cha-trung-chung,https://khamphamonngon.com/wp-content/uploads/2016/06/cha-trung-hap-com-tam.jpg
Chim cút chiên bơ,1 con,208,10.6,16.9,2.3,0.04,chim-cut-chien-bo,https://monngonmoingay.tv/wp-content/uploads/2019/03/cach-lam-chim-cut-chien-bo.jpg
Đậu hủ dồn thịt,1 miếng lớn,328,18.7,25.8,5.3,0.58,au-hu-don-thit,https://pastaxi-manager.onepas.vn/content/uploads/articles/vuonghoai/cach-lam-dau-hu-don-thit/cach-lam-dau-hu-don-thit-sot-me-1.jpg
Gà kho gừng,1 đĩa,301,21.9,19.1,10.3,0.91,ga-kho-gung,https://i.ytimg.com/vi/e5W8AFCfS98/maxresdefault.jpg
Gà rô ti,1 cái đùi,300,20.3,23.1,2.8,0.0,ga-ro-ti,https://i.ytimg.com/vi/w5GWaeaDcp4/hqdefault.jpg
Gà xào sả ớt,1 đĩa,272,20.4,19.1,4.7,0.0,ga-xao-sa-ot,http://yummyvietnam.net/wp-content/uploads/2019/07/Ga-xao-sa-ot-Recipe-Vietnamese-Chicken-with-lemongrass-and-chili-1.jpg
Gan heo xào,1 đĩa,200,24.8,9.7,3.4,0.15,gan-heo-xao,https://yummyday.vn/uploads/images/gan-heo-xao.jpg
Gỏi bì cuốn,3 cuốn,116,10.3,3.6,10.6,0.25,goi-bi-cuon,http://1.bp.blogspot.com/-2xVRmTHsC6M/T76TIHPz5DI/AAAAAAAAAH8/vvIcoQN55_o/s1600/Bi+Cuon+(M).JPG
Gỏi khô bò,1 đĩa,268,15.8,11.5,25.1,2.08,goi-kho-bo,https://i.pinimg.com/originals/26/61/26/26612641a24486fbc19c0771be11da55.jpg
Gỏi tôm cuốn,3 cuốn,147,7.7,5.0,17.8,0.76,goi-tom-cuon,https://i.pinimg.com/originals/15/0b/c3/150bc3ed6a8b6d7257e1ada54b2d8a74.jpg
Khoai tây bò bít tết,1 đĩa,246,12.4,12.9,20.2,0.96,khoai-tay-bo-bit-tet,https://cdn.tgdd.vn/Products/Images/3364/85721/bhx/snack-khoai-tay-vi-bo-bit-tet-manhattan-lays-goi-29g-201910041040086293.jpg
Khổ qua xào trứng,1 đĩa,114,4.6,8.5,4.6,1.58,kho-qua-xao-trung,https://media.cooky.vn/recipe/g1/2412/s800x500/recipe2412-635707399904181752.jpg
Lạp xưởng chiên,1 cái,293,10.4,27.5,0.9,0.0,lap-xuong-chien,https://cdn.tgdd.vn/Files/2017/07/10/1001735/cach-lam-lap-xuong-chien-trung-2_800x450.jpg
Mắm chưng,1 miếng tròn,194,13.3,13.7,4.4,0.37,mam-chung,https://cdn.tgdd.vn/Files/2019/03/28/1157270/cach-lam-mam-chung-dam-vi-don-gian-cho-bua-com-trua-6_800x450.jpg
Mực xào sả ớt,1 đĩa,184,31.0,6.7,0.1,0.03,muc-xao-sa-ot,http://dulichthiencam.com/wp-content/uploads/2014/07/muc-xao-xa-ot-thien-cam.jpg
Mực xào thập cẩm,1 đĩa,136,17.4,5.9,3.5,0.58,muc-xao-thap-cam,http://nhahanghuongsen.com.vn/wp-content/uploads/2015/04/mon-muc-xao-thap-cam.jpg
Sườn nướng,1 miếng,111,10.3,7.3,1.0,0.01,suon-nuong,https://i0.wp.com/www.springtomorrow.com/wp-content/uploads/2017/11/imgp1893.jpg
Sườn ram,1 miếng,155,10.9,11.3,2.6,0.06,suon-ram,https://apeachyplate.com/wp-content/uploads/2019/11/suon-ram-square-post.jpg
Tép rang,10 con,101,5.6,6.5,4.8,0.02,tep-rang,https://cdn3.ivivu.com/2020/10/tep-rang-ivivu-2.jpg
Thị heo quay,1 đĩa,146,9.2,12.0,0.0,0.0,thi-heo-quay,http://3.bp.blogspot.com/-5onNjT7MI9I/U1czKr4h1gI/AAAAAAAAFWU/DL-K99IpwMk/s1600/securedownload+%252887%2529.jpg
Thịt bò xào đậu que,1 đĩa,195,16.8,6.9,16.6,1.25,thit-bo-xao-au-que,https://live.staticflickr.com/1260/1355054857_e182d078ed_b.jpg
Thịt bò xào giá hẹ,1 đĩa,143,15.6,6.9,4.8,1.87,thit-bo-xao-gia-he,https://4.bp.blogspot.com/-wR1hD8pyTSI/UbFp5SJoZSI/AAAAAAAAW_0/So87SLew4LA/s1600/IMG_0739.JPG
Thịt bò xào hành tây,1 đĩa,132,11.8,6.9,5.8,0.77,thit-bo-xao-hanh-tay,http://toinayangi.vn/wp-content/uploads/2014/11/thit-bo-xao-hanh-tay-can-tay-1.jpg
Thịt bò xào măng,1 đĩa,104,10.5,6.9,0.0,0.0,thit-bo-xao-mang,https://meoeva.com/wp-content/uploads/2019/10/thit-bo-xao-mang.jpg
Thịt bò xào nấm rơm,1 đĩa,152,13.5,9.6,2.9,0.92,thit-bo-xao-nam-rom,https://www.megavnn.vn/wp-content/uploads/2021/07/1.Nam-rom-xao-thit-bo.jpg
Thịt heo phá lấu,1 đĩa,242,13.9,19.9,1.6,0.05,thit-heo-pha-lau,https://nauankhongkho.com/wp-content/uploads/2017/05/cach-lam-pha-lau-tai-heo-ngon-dach4.jpg
Thịt heo xào đậu que,1 đĩa,240,20.5,10.2,16.6,1.25,thit-heo-xao-au-que,https://sifu.unileversolutions.com/image/vi-VN/recipe-topvisual/2/1260-709/thit-heo-xao-la-que-50307797.jpg
Thịt heo xào giá hẹ,1 đĩa,188,19.3,10.2,4.8,1.87,thit-heo-xao-gia-he,https://cdn.tgdd.vn/Files/2019/08/05/1184182/cach-lam-bo-xao-ot-chuong-thit-mem-vua-nhanh-vua-de-cho-bua-com-dau-tuan-201908051011516124.jpg
Thịt kho tiêu,1 đĩa,200,21.2,7.6,11.5,0.17,thit-kho-tieu,http://2.bp.blogspot.com/-lw3ri-XGZuA/T_utbLsw3UI/AAAAAAAAAwk/siGyovKAD4Q/s1600/thitkho2.jpg
Thịt kho trứng,1 trứng+2 miếng thịt,315,19.8,22.9,7.5,0.0,thit-kho-trung,https://www.hungrywanderlust.com/wp-content/uploads/2020/04/Thit-Kho-Trung-Recipe_0854.jpg
Xíu mại,2 viên,104,11.9,4.2,4.6,0.3,xiu-mai,http://runawayrice.com/wp-content/uploads/2017/11/Vietnamese-Pork-Meatballs-Xiu-Mai.jpg
Bánh bao chay,2 cái,220,10.5,4.7,34.0,0.61,banh-bao-chay,https://agiadinh.net/wp-content/uploads/2014/12/cach-lam-banh-bao-chay-131.jpg
Bông cải xào thập cẩm,1 đĩa,142,6.7,6.3,14.6,2.8,bong-cai-xao-thap-cam,http://cachlammonngon.vn/wp-content/uploads/2016/03/cong-thuc-lam-mon-cai-xanh-xao-thap-cam.jpg
Bún bò huế,1 tô,479,18.4,16.0,65.3,3.3,bun-bo-hue,https://iamafoodblog.com/wp-content/uploads/2014/12/bbh-5w11.jpg
Bún riêu,1 tô,482,16.5,16.8,66.0,3.4,bun-rieu,https://www.foodandtravelvietnam.com/wp-content/uploads/2017/01/bun-rieu-min.jpg
Bún thịt nướng,1 tô,451,14.7,13.7,67.3,3.96,bun-thit-nuong,https://tarasmulticulturaltable.com/wp-content/uploads/2015/01/Bun-Thit-Nuong-1-of-3.jpg
Bún xào,1 đĩa,570,23.4,28.0,56.0,2.17,bun-xao,https://akitchencat.com.au/wp-content/uploads/2012/09/bunboxao.jpg
Cá cơm lăn bột chiên,1 đĩa,316,6.7,17.3,33.4,0.64,ca-com-lan-bot-chien,http://2.bp.blogspot.com/_FHxas-csKAE/Sj22ocr1vOI/AAAAAAAAAIk/33Zu1J8YVwk/w1200-h630-p-k-no-nu/039.JPG
Cà chua dồn thịt,2 trái,131,7.3,7.2,9.2,0.78,ca-chua-don-thit,https://digifood.vn/blog/wp-content/uploads/2022/03/ca-chua-don-thit-4.jpg
Cá mòi kho,1 đĩa,105,4.3,5.0,10.8,2.9,ca-moi-kho,https://chosachsaigon.com/wp-content/uploads/2020/07/ca-moi-kho.jpg
Cà ri,1 tô,278,7.8,11.4,36.0,1.86,ca-ri,https://i2.wp.com/frugalhausfrau.com/wp-content/uploads/2017/05/ca-ri-ga.jpg?ssl=1
Cà tím nướng,1 đĩa,33,1.5,0.0,6.8,2.25,ca-tim-nuong,https://beptruong.edu.vn/wp-content/uploads/2013/08/ca-tim-nuong-thit-bam.jpg
Canh chua,1 tô,37,1.7,1.0,5.2,1.18,canh-chua,http://eatprayheal.files.wordpress.com/2013/05/canh-chua-3.jpg
Canh kiểm,1 tô,291,5.4,13.1,37.7,1.67,canh-kiem,https://i.pinimg.com/originals/95/07/51/950751d107a743437e82efd9e3046a99.jpg
Canh khổ qua hầm,1 tô,88,4.5,4.0,8.3,1.13,canh-kho-qua-ham,http://1.bp.blogspot.com/-u75FZCqrZ5Y/UoQclDhEy-I/AAAAAAAAAOM/mdTiMN8Icrg/s1600/kho+qua+ham+2.JPG
Canh rau ngót,1 tô,23,1.6,1.4,1.1,0.63,canh-rau-ngot,https://giamcanthai.com/wp-content/uploads/2018/02/canh-rau-ngot.jpg
Cơm chiên dương châu,1 đĩa,530,14.9,11.3,92.7,1.56,com-chien-duong-chau,https://4.bp.blogspot.com/-F5b2m7upMiw/WkSt1qhi7_I/AAAAAAAAADY/doli22ApRcU6IJIKo35JjH8LHhjgDSRmACLcBGAs/s1600/com-chien-duong-chau-2018.jpg
Chả lụa chiên,1 cái tròn,336,36.7,18.5,5.7,0.22,cha-lua-chien,https://luankha.com/wp-content/uploads/2020/02/cha-chien.jpg
Chả trứng chưng,1 đĩa,127,10.8,5.1,9.4,0.72,cha-trung-chung,https://khamphamonngon.com/wp-content/uploads/2016/06/cha-trung-hap-com-tam.jpg
Đậu hủ chiên xả,1 miếng,148,11.6,11.0,0.7,0.4,au-hu-chien-xa,https://i.ytimg.com/vi/RjVJRkdHe7Y/maxresdefault.jpg
Đậu hủ dồn thịt,1 miếng,196,9.1,14.3,7.8,0.58,au-hu-don-thit,https://i.pinimg.com/originals/c9/94/ce/c994ce61266f4b827d9b29f0e0e1d72f.jpg
Đậu hủ sốt cà,1 đĩa,239,18.1,13.6,11.0,1.44,au-hu-sot-ca,https://i.pinimg.com/originals/98/72/b0/9872b0e66d093bdb29ad903d945958e9.jpg
Đùi gà chiên,1 cái,173,11.0,12.3,4.6,0.2,ui-ga-chien,https://jamja.vn/blog/wp-content/uploads/2017/07/cach-lam-dui-ga-chien-nuoc-mam.jpg
Gỏi bắp chuối,1 đĩa,124,5.1,6.4,11.3,3.24,goi-bap-chuoi,https://cdn.jamja.vn/blog/wp-content/uploads/2018/01/cach-lam-goi-ga-bap-chuoi.jpg
Gỏi ngó sen,1 đĩa,286,12.2,9.3,38.4,2.62,goi-ngo-sen,https://4.bp.blogspot.com/-M_Laa9gdXMQ/VsNl9mMYpCI/AAAAAAAABhs/HXo7EESuWR0/s1600/IMG_0778.JPG
Hủ tíu bò kho,1 tô,410,17.0,13.4,55.4,3.2,hu-tiu-bo-kho,http://2.bp.blogspot.com/-fBcQVT-4ahU/TcDMjlxG5NI/AAAAAAAAAGg/6BayoiHauGw/w1200-h630-p-k-no-nu/DSCN4349.JPG
Mắm Thái,1 đĩa,167,11.1,7.4,13.9,6.21,mam-thai,https://hikifood.com/wp-content/uploads/2020/05/mam-thai-du-du-600x600-1.jpg
Măng kho thập cẩm,1 đĩa,141,8.9,6.2,12.5,1.71,mang-kho-thap-cam,https://emvaobep.com/wp-content/uploads/2017/12/mang-kho-xao-thap-cam-1.jpg
Mì bò viên,1 tô,456,19.5,14.4,62.1,3.37,mi-bo-vien,http://duli.vn/attachments/hu-tieu-bo-vien-jpg.166953/
Mì căn xào sả,1 đĩa,299,7.7,5.8,53.9,0.21,mi-can-xao-sa,https://i.ytimg.com/vi/lkv0L-uYJG0/maxresdefault.jpg
Mít kho,1 đĩa,100,3.7,5.0,10.0,3.0,mit-kho,https://img-global.cpcdn.com/recipes/c35e5e79466ab7cb/1200x630cq70/photo.jpg
Nấm rơm kho,1 đĩa,154,7.5,10.5,7.3,0.9,nam-rom-kho,https://daynauan.info.vn/wp-content/uploads/2016/03/nam-rom-kho-tieu-ngon.jpg
Sườn nướng,1 miếng,123,10.6,7.2,4.1,0.06,suon-nuong,https://i0.wp.com/www.springtomorrow.com/wp-content/uploads/2017/11/imgp1893.jpg
Sườn ram,1 miếng,264,8.3,5.8,46.7,0.19,suon-ram,http://2.bp.blogspot.com/-5mVStH4ZIXM/Tr2CMPr-cBI/AAAAAAAAAg4/MGZkh1nxPdI/s1600/DSC04353.JPG
Tàu hủ ky chiên,1 đĩa,306,37.2,15.4,4.8,0.22,tau-hu-ky-chien,https://i.ytimg.com/vi/Ysr6RaZqxzk/maxresdefault.jpg
Tôm lăn bột chiên,1 đĩa,247,2.6,10.1,36.3,0.51,tom-lan-bot-chien,https://cdn.huongnghiepaau.com/wp-content/uploads/2019/01/Tom-lan-bot-chien-xu-an-kem-voi-tuong-ca-tuong-ot.jpg
Tôm sốt cà,1 đĩa,248,12.5,9.3,28.6,1.25,tom-sot-ca,https://bepmonngon.com/wp-content/uploads/tom-sot-ca.jpg
Thịt heo quay,1 đĩa,250,7.0,14.1,23.7,1.38,thit-heo-quay,http://3.bp.blogspot.com/-5onNjT7MI9I/U1czKr4h1gI/AAAAAAAAFWU/DL-K99IpwMk/s1600/securedownload+%252887%2529.jpg
Thịt kho tiêu,1 đĩa,312,22.5,16.0,19.5,2.7,thit-kho-tieu,https://4.bp.blogspot.com/-XMrmUeZX6tk/UdoznFuCq6I/AAAAAAAAYV8/vy8-I8PLhVg/s1600/IMG_1103.JPG
Bánh canh cua,1 tô,379,21.4,8.4,54.3,2.19,banh-canh-cua,https://migrationology.com/wp-content/uploads/2014/11/best_banh_canh_cua_saigon.jpg
Bánh canh giò heo,1 tô,483,19.0,23.6,48.6,1.01,banh-canh-gio-heo,https://bekhoe.net/wp-content/uploads/2018/07/cach-nau-banh-canh-gio-heo.jpg
Bánh canh thịt gà,1 tô,346,12.8,11.1,48.5,1.0,banh-canh-thit-ga,https://yeutre.vn/cdn/medias/uploads/136/136523-banh-canh-ga.jpg
Bánh canh thịt heo,1 tô,322,12.8,8.5,48.5,1.0,banh-canh-thit-heo,https://jamja.vn/blog/wp-content/uploads/2017/09/cah-nau-banh-canh-thit-heo.jpg3_.jpg
Bột chiên,1 đĩa,443,13.2,25.8,39.5,0.55,bot-chien,https://2.bp.blogspot.com/_bwQHHjXy99c/TDqq95-yNNI/AAAAAAAAJZY/YxiK7_IgQtM/s1600/P1040303.jpg
Bún bò huế (giò),1 tô,622,30.2,30.6,56.4,2.76,bun-bo-hue-(gio),https://hikifood.com/wp-content/uploads/2020/10/IMG_20201025_161445.jpg
Bún mắm,1 tô,480,28.2,15.5,56.8,3.26,bun-mam,https://migrationology.com/wp-content/uploads/2015/02/vietnamese_bun_mam.jpg
Bún măng,1 tô,485,20.9,19.5,56.4,4.21,bun-mang,https://delightfulplate.com/wp-content/uploads/2020/08/Vietnamese-Duck-and-Bamboo-Shoot-Nodle-Soup-Bun-Mang-Vit.jpg
Bún mộc,1 tô,514,28.1,19.4,56.5,2.83,bun-moc,https://streetfoodguy.com/wp-content/uploads/2019/07/Bun_Moc_Ha_Noi-1024x768.jpg
Bún riêu cua,1 tô,414,17.8,12.2,58.0,2.76,bun-rieu-cua,https://cdn.huongnghiepaau.com/wp-content/uploads/2019/01/bun-rieu-cua-hap-dan.jpg
Bún riêu ốc,1 tô,531,28.4,17.2,65.5,2.73,bun-rieu-oc,https://farm4.staticflickr.com/3809/13812413774_535fe1ee0b_b.jpg
Bún thịt nướng chả giò,1 tô,598,24.0,21.16,77.9,2.72,bun-thit-nuong-cha-gio,https://i.pinimg.com/originals/37/ce/c6/37cec6ab3d6ea24ed4f6fe1a88c697da.jpg
Canh bún,1 tô,296,13.6,6.9,44.6,1.55,canh-bun,http://1.bp.blogspot.com/_rBxQQcHgtuQ/TRvpiDy1SRI/AAAAAAAABgU/L6heNlKDYyQ/s1600/Nha-Hanballetbanhkhoaimicranberryorangepeel+058.JPG
Cháo đậu đỏ,1 tô,322,10.6,11.8,43.7,2.42,chao-au-o,https://www.charcuteriedupacifique.pf/media/k2/items/cache/f0ba2bfd8f936a77d3b146acfe9443c7_XL.jpg
Cháo gỏi vịt,1 tô,930,50.2,60.3,47.1,2.62,chao-goi-vit,http://bestslim.org/wp-content/uploads/2014/12/chao-goi-vit-mon-ngon-tuyet-hao-cho-ngay-cuoi-tuan-4.jpg
Cháo huyết,1 tô,332,22.1,8.9,40.8,0.84,chao-huyet,https://1.bp.blogspot.com/-fwoTy7QRbUo/WEV2rmDdCoI/AAAAAAAAGEI/Xlruty6ebFc5mjt7DSAuUcy74rje_VgswCLcB/s1600/20161203_110117.jpg
Cháo lòng,1 tô,412,30.8,13.5,41.7,0.84,chao-long,https://diadiemmuasam.com/wp-content/uploads/2019/05/59489494_1006900206365671_8199117105212162048_o.jpg
Hoành thánh,1 tô,248,12.3,7.4,31.7,1.26,hoanh-thanh,https://dulichkhatvongviet.com/wp-content/uploads/2015/05/my-hoanh-thanh.jpg
Hủ tíu bò kho,1 tô,538,34.2,26.0,41.6,1.29,hu-tiu-bo-kho,http://2.bp.blogspot.com/-fBcQVT-4ahU/TcDMjlxG5NI/AAAAAAAAAGg/6BayoiHauGw/w1200-h630-p-k-no-nu/DSCN4349.JPG
Hủ tíu mì,1 tô,410,16.7,12.9,56.9,1.36,hu-tiu-mi,https://4.bp.blogspot.com/-FetOgCf453A/VK6woFeXeHI/AAAAAAAADcU/n3rmrX1AKrE/s1600/IMG_5728.CR2.jpg
Hủ tíu Nam vang,1 tô,400,24.3,14.8,42.5,1.31,hu-tiu-nam-vang,https://images.foody.vn/res/g29/283796/s800/foody-thanh-dat-hu-tiu-nam-vang-663-637178448282579338.jpg
Hủ tíu thịt heo,1 tô,361,14.4,12.5,47.8,1.23,hu-tiu-thit-heo,https://afamilycdn.com/thumb_w/600/2017/h14-2-1490858746360-192-0-1463-2467-crop-1490858991565.jpg
Hủ tíu xào,1 đĩa,646,41.4,25.5,62.8,1.67,hu-tiu-xao,http://s3-media3.fl.yelpcdn.com/bphoto/d06f6G-urex1zAdwRpDObg/o.jpg
Mì quảng,1 tô,541,22.4,20.2,67.4,2.73,mi-quang,https://www.vietnamvisa-easy.com/blog/wp-content/uploads/2016/04/mi-quang-noodle.jpg
Mì thịt heo,1 tô,415,19.0,8.2,66.4,1.71,mi-thit-heo,https://jamja.vn/blog/wp-content/uploads/2017/08/cac-mon-nhau-tu-thit-heo-3.jpg
Mì vịt tiềm,1 tô,776,32.9,43.0,64.5,1.57,mi-vit-tiem,https://i.redd.it/fg72j742zjkz.jpg
Mì xào dòn,1 đĩa,638,42.2,29.3,51.6,1.83,mi-xao-don,https://ehc-west-0-bucket.s3.us-west-2.amazonaws.com/web/documents/mackhai2013/menu_item_images/item_image_7699ebea-d841-4438-a3a8-92b933f5761f.jpg?2014-02-22+17:35:20
Miến gà,1 tô,635,17.8,18.1,100.2,6.4,mien-ga,https://delightfulplate.com/wp-content/uploads/2021/02/Mien-Ga-Chicken-Glass-Noodle-Soup.jpg
Nui chiên,1 đĩa,523,18.2,24.3,58.0,0.6,nui-chien,http://hoangnganvina.vn/uploads/shops/2020_04/nui-chien-180g.jpg
Nui thịt heo,1 đĩa,414,17.5,9.3,61.4,0.21,nui-thit-heo,https://cdn.tgdd.vn/2021/04/CookProduct/thum-1-1200x675.jpg
Phở bò chín,1 tô,456,20.9,12.2,59.3,2.28,pho-bo-chin,https://deliciousvietnam.net/wp-content/uploads/2020/05/Pho-Bo-Chin-Pho-Noodle-Soup-Beef-Briskets-1.jpeg
Phở bò tái,1 tô,431,17.9,11.7,59.3,2.28,pho-bo-tai,https://deliciousvietnam.net/wp-content/uploads/2020/05/Delicious-Vietnam-pho-bo-vietnamese-beef-noodle-soup-1870x1233.jpeg
Phở bò viên,1 tô,431,16.3,14.1,59.6,2.21,pho-bo-vien,https://i0.wp.com/palatablepastime.com/wp-content/uploads/2018/01/pho-sq.jpg?ssl=1
Phở gà,1 tô,483,21.3,17.9,59.3,2.28,pho-ga,https://i.ytimg.com/vi/iWelY55RJDM/maxresdefault.jpg
Bánh bao nhân cadé,1 cái,209,5.2,4.1,37.9,0.59,banh-bao-nhan-cade,https://cdn.tgdd.vn/Products/Images/7301/201563/bhx/banh-bao-nhan-cade-trung-sua-kido-foods-goi-330g-201904221124424955.jpg
Bánh bao nhân thịt,1 cái,328,16.1,7.9,48.1,0.9,banh-bao-nhan-thit,https://thuthuatnhanh.com/wp-content/uploads/2020/03/cach-lam-banh-bao-nhan-thit-mien.jpg
Bánh bèo (một loại),1 đĩa,358,13.3,13.9,44.9,0.84,banh-beo-(mot-loai),https://sites.google.com/site/bakerycnc/_/rsrc/1472849145651/home/nhung-loai-banh-dac-san-o-viet-nam/LOFWI_201306121647312ce1f05.jpg
Bánh bèo thập cẩm,1 đĩa,608,15.6,21.6,88.0,0.89,banh-beo-thap-cam,https://eatnmore.com/wp-content/uploads/2020/10/banh-beo-thap-cam-cho-ben-thanh-258052.jpg
Bánh bía,1 cái,709,16.1,29.8,91.3,1.84,banh-bia,http://flavorboulevard.com/wp-content/uploads/2009/06/banh-bia.jpg
Bánh bò,2 cái,100,1.1,4.5,13.8,0.55,banh-bo,http://flavorboulevard.com/wp-content/uploads/2010/07/banh-bo-bong.jpg
Bánh bông lan cuốn,1 khoanh,155,4.2,2.2,28.9,0.1,banh-bong-lan-cuon,http://runawayrice.com/wp-content/uploads/2013/12/Slice-of-Roll-Cake-with-Fruit-e1481948120138.jpg
Bánh bông lan chén,1 cái,217,4.3,12.1,22.0,0.11,banh-bong-lan-chen,https://i0.wp.com/vfmvn.com.vn/wp-content/uploads/2018/07/banh-bong-lan1.jpg
Bánh bông lan kem vuông,1 cái nhỏ,260,5.2,9.0,38.9,0.11,banh-bong-lan-kem-vuong,https://hotdeal.vn/images/uploads/2017/Tháng 2/24/320104/320104-bong-lan-trung-muoi-body (4).jpg
Bánh bột lọc,1 đĩa,487,13.2,20.2,62.7,0.73,banh-bot-loc,http://3.bp.blogspot.com/-N8Kh8W0ozW4/UE-IZxCBlaI/AAAAAAAAAeQ/Ri8MwczpuwI/s1600/banh+bot+loc.JPG
Bánh cay,1 cái nhỏ,25,0.2,1.0,3.6,0.13,banh-cay,https://www.noithatmagazine.vn/wp-content/uploads/dnp-banh-cay-lang-nguyen-2.jpg
Bánh cuốn,1 đĩa,590,25.7,25.6,64.3,1.53,banh-cuon,https://149366112.v2.pressablecdn.com/wp-content/uploads/2016/02/banh-cuon-chay-vietnamese-steamed-rolled-cakes-with-a-mushroom-filling.jpg
Bánh chocopie,1 cái,120,1.0,5.0,18.0,0.08,banh-chocopie,https://cf.shopee.vn/file/6f1d0e91ce80704c668977fba579cbc9
Bánh chuối,1 miếng,560,4.3,13.9,90.9,1.77,banh-chuoi,https://agiadinh.net/wp-content/uploads/2016/09/banh-chuoi-ran-thanh-pham-thom-ngon.jpg
Bánh chuối chiên,1 cái lớn,139,1.0,9.9,11.5,0.23,banh-chuoi-chien,https://agiadinh.net/wp-content/uploads/2016/09/banh-chuoi-ran-thanh-pham-thom-ngon.jpg
Bánh chưng,1 cái,407,14.9,5.5,74.7,1.98,banh-chung,http://4.bp.blogspot.com/-8mEgGJFkTgw/Tn6mE-zwj9I/AAAAAAAAAIY/d4gFzS1JTmQ/s1600/DSC03984.JPG
Bánh da lợn,1 miếng,364,3.6,11.9,60.6,1.63,banh-da-lon,http://flavorboulevard.com/wp-content/uploads/2011/02/banh-da-lon-pig-skin-pie.jpg
Bánh đậu xanh nướng,1 miếng,405,13.6,11.2,62.4,3.03,banh-au-xanh-nuong,https://2.bp.blogspot.com/-6iBWkR3x6no/XDBnyR3I2II/AAAAAAAAEZw/TqRZt-4xrukNlfTXxD6dPT1I-OeZZZo5QCLcBGAs/s1600/banh-dau-xanh-sau-rieng-nuong-3.png
Bánh đậu xanh nướng,1 cái nhỏ,21,0.8,0.6,3.12,0.06,banh-au-xanh-nuong,https://2.bp.blogspot.com/-6iBWkR3x6no/XDBnyR3I2II/AAAAAAAAEZw/TqRZt-4xrukNlfTXxD6dPT1I-OeZZZo5QCLcBGAs/s1600/banh-dau-xanh-sau-rieng-nuong-3.png
Bánh Flan,1 cái tròn,66,1.7,1.6,11.3,0.0,banh-flan,http://4.bp.blogspot.com/-co6RpwFqiQQ/Tqhd5l3gjnI/AAAAAAAAAIg/sDqyQXzECiU/s1600/IMG_0510.JPG
Bánh giò,1 cái,216,9.3,7.1,28.5,0.4,banh-gio,https://www.hungryhuy.com/wp-content/uploads/banh-gio-recipe-vertical.jpg
Bánh ít nhân dừa,1 cái,261,3.5,5.1,50.3,0.62,banh-it-nhan-dua,http://4.bp.blogspot.com/-awGXtIjSIjw/UeipnBtTUjI/AAAAAAAAA1M/qKUCJbkaQ4o/s1600/IMG_6300.JPG
Bánh ít nhân đậu,1 cái,257,6.6,1.9,53.4,0.78,banh-it-nhan-au,https://i.pinimg.com/736x/dc/bb/86/dcbb863c462fc3d4a38b96b659375892.jpg
Bánh khoai mì nướng,1 miếng,392,2.8,14.5,62.5,2.26,banh-khoai-mi-nuong,http://www.the350degreeoven.com/wp-content/uploads/2012/07/DSC_0081fix.jpg
Bánh khọt,1 đĩa 5 cái,154,5.8,7.08,16.8,2.9,banh-khot,http://foodisafourletterword.com/wp-content/uploads/2020/12/Vietnamese_Crispy_Savory_Shrimp_Pancakes_Recipe_Banh_Khot_side-1024x683.jpg
Bánh lá chả tôm,1 đĩa,331,17.1,5.2,54.1,2.81,banh-la-cha-tom,https://www.namphuongtourist.com/wp-content/uploads/2012/10/banhlacuonankemchatom.jpg
Bánh lá dứa nhân chuối,1 cái,154,4.8,3.7,25.4,0.87,banh-la-dua-nhan-chuoi,https://1.bp.blogspot.com/-LRDLtMibaJI/T_2iwLgPxNI/AAAAAAAAC8M/NoihR_Aqy7o/s1600/1341915743-banh-la-dua.jpg
Bánh lá dừa nhân đậu,1 cái,155,5.4,4.6,23.3,0.94,banh-la-dua-nhan-au,https://toplist.vn/images/800px/banh-la-dua-658172.jpg
Bánh mè,1 cái nhỏ,170,3.1,11.7,13.1,0.14,banh-me,https://www.thespruceeats.com/thmb/RQaiiaqFQ6TWiWue0q1IHjPxp1U=/1650x0/filters:no_upscale():max_bytes(150000):strip_icc()/classic-banh-mi-4844177-hero-01-236ece4af179446888909d052ef61016.jpg
Bánh men,1 cái nhỏ,4,0.1,0.0,0.7,0.0,banh-men,https://cdn.tgdd.vn/2020/07/CookProductThumb/BANH-MEN-3-620x620.jpg
Bánh mì cadé Kinh đô,1 cái,129,3.0,2.0,20.4,0.0,banh-mi-cade-kinh-o,https://okdeal.vn/wp-content/uploads/2018/12/70120d92ba3bbefad3a92412348015cc.jpg
Bánh mì kẹp cá hộp,1 ổ,399,15.1,13.7,53.8,0.59,banh-mi-kep-ca-hop,https://cdn.huongnghiepaau.com/wp-content/uploads/2019/08/banh-mi-kep-thit-dam-da.jpg
Bánh mì kẹp chà bông,1 ổ,337,18.4,4.8,53.7,1.01,banh-mi-kep-cha-bong,https://thienanfood.com/wp-content/uploads/2019/10/Banh-Mi-kep-cha-bong.jpg
Bánh mì kẹp chả lụa,1 ổ,431,20.1,14.2,55.6,1.01,banh-mi-kep-cha-lua,https://www.phopalace.menu/wp-content/uploads/2016/10/48-banh-mi-cha-lua-2.jpg
Bánh mì ngọt Đức phát,1 ổ,304,9.5,4.9,55.3,0.23,banh-mi-ngot-uc-phat,https://1.bp.blogspot.com/-7hgVAoh5bC8/UCr3qZbXNZI/AAAAAAAACXE/QNf3dEe0ixA/s1600/030.JPG
Bánh mì ổ,1 ổ trung bình,239,7.6,0.8,50.5,0.19,banh-mi-o,https://s-i.huffpost.com/gen/3188060/images/o-BANH-MI-SANDWICH-facebook.jpg
Bánh mì sandwich,1 lát vuông,89,2.6,1.2,16.8,0.08,banh-mi-sandwich,http://www.foodpeoplewant.com/wp-content/uploads/2010/04/banh-mi.jpg
Bánh mì sandwich kẹp thịt,1 cái,468,18.9,26.2,38.9,0.88,banh-mi-sandwich-kep-thit,http://halongjunkcruise.com/wp-content/uploads/2015/09/21-9-15Banh-mi-kep-thit.jpg
Bánh mì thịt,1 ổ,461,17.8,18.7,55.3,1.01,banh-mi-thit,https://sowherenext.com.au/wp-content/uploads/2020/05/Banh_Mi_Sandwich_fullwidth-1024x597.jpg
Bánh patechaud,1 cái,374,10.5,20.2,37.3,0.15,banh-patechaud,https://lh6.googleusercontent.com/-tqavWAb8Mrg/TYKT8_68liI/AAAAAAAAB0U/jSVbT5YsYCc/s1600/patesobdayanhy+038.JPG
Bánh phồng tôm,1 đĩa 5 cái,169,0.4,14.8,8.5,0.0,banh-phong-tom,https://thucphamtantai.com/wp-content/uploads/2019/10/banh-phong-tom.jpg
Bánh quy bơ (biscuit),1 cái vuông nhỏ,38,0.9,0.5,7.5,0.05,banh-quy-bo-(biscuit),https://khothegioi.com/image/catalog/Products-KTG/AVBK12QNVK/banh-quy-nhat-vi-thom-pineapple-layer-biscuit-140g-08.jpg
Bánh snack,1 gói,124,4.0,3.7,18.4,0.0,banh-snack,https://nguyenhang.vn/files/sanpham/322/1/jpg/banh-snack-oishi-bap-48g-bich-10-goi.jpg
Bánh su kem,1 cái,112,2.4,7.2,9.5,0.02,banh-su-kem,https://www.btaskee.com/wp-content/uploads/2021/08/banh-su-kem-1.jpg
Bánh sừng trâu,1 cái,227,4.6,7.3,35.7,0.18,banh-sung-trau,https://beptruong.edu.vn/wp-content/uploads/2016/01/banh-mi-sung-trau-croissant.jpg
Bánh tét nhân chuối,1 cái,302,6.2,1.2,67.2,0.38,banh-tet-nhan-chuoi,https://i.pinimg.com/originals/fd/8b/da/fd8bda6480cc22b86103a00dffb33bd3.jpg
Bánh tét nhân đậu ngọt,1 cái,444,13.7,1.8,93.6,1.98,banh-tet-nhan-au-ngot,https://cdn.tgdd.vn/Files/2019/12/28/1228859/mach-chi-em-cach-lam-banh-tet-nhan-chuoi-ngay-tet-201912281236595117.jpg
Bánh tét nhân mặn,1 cái,407,14.9,5.5,74.7,1.98,banh-tet-nhan-man,http://divashop.vn/review/wp-content/uploads/2015/08/banh-it-nhan-banh-tet-man-mien-tay-03.jpg
Bánh tiêu,1 cái lớn,132,1.9,7.8,13.5,0.1,banh-tieu,https://christinapotvin.com/wp-content/uploads/2020/10/Banh-Tieu.jpg
Bánh ướt,1 đĩa,749,22.9,19.3,120.9,2.18,banh-uot,https://cookingwithlane.com/wp-content/uploads/2020/03/banh-uot-with-fresh-rice-roodle-sheets-premade-015.jpg
Bánh xèo,1 cái,517,15.0,19.3,70.9,4.31,banh-xeo,https://www.lasinfoniadelreyhotel.com/img/upload/Vietnamese_Crepes_Banh_Xeo_2.jpg
Giò cháo quẩy,1 cái đôi,117,3.2,4.3,16.3,0.28,gio-chao-quay,https://images.foody.vn/res/g21/208764/s/foody-chao-quay-banh-bao-banh-gio-yen-the-546-636358275552289116.jpg
Há cảo,1 đĩa,363,7.4,12.2,56.0,0.75,ha-cao,http://blog.france-asia.com/wp-content/uploads/Recette-de-raviolis-aux-crevettes-Ha-Cao.jpg
Kẹo chocolate nhân đậu phộng,1 gói nhỏ,102,2.5,6.7,7.7,0.0,keo-chocolate-nhan-au-phong,https://file.hstatic.net/1000335596/article/boc-vo_df1e4f4d2aaa41948a47e734a03640ca_large.png
Kẹo dẻo,1 cái nhỏ,9,0.2,0.0,2.0,0.0,keo-deo,https://matrala.vn/wp-content/uploads/2017/05/keo-deo-zoo-matrala-mai-tran.jpg
Kẹo dừa,1 viên nhỏ,31,0.1,0.9,5.7,0.19,keo-dua,https://toplist.vn/images/800px/keo-dua-ben-tre-ba-hai-to-259620.jpg
Kẹo sữa,1 viên nhỏ,13,0.1,0.2,2.8,0.0,keo-sua,https://bizweb.dktcdn.net/100/061/358/products/keo-sua.jpg?v=1599393310653
Kẹo trái cây,1 viên nhỏ,13,0.0,0.0,3.1,0.0,keo-trai-cay,https://wineandfood.vn/image/cache/catalog/anh-san-pham/tp-che-bien-san/keo/keo-trai-cay/keo-trai-cay-hon-hop-fruital-arcor-200g-600x600.jpg
Bắp giã,1 gói,328,6.3,11.0,51.1,1.72,bap-gia,https://lalucky.com/wp-content/uploads/2019/12/BN114.jpg
Chè bắp,1 chén,352,4.7,10.1,60.5,1.62,che-bap,http://1.bp.blogspot.com/-ew1kMzl9b1E/UzQkL56i8AI/AAAAAAAAL7c/kNBoceQeGzg/s1600/che-bap.jpg
Chè chuối chưng,1 chén,332,3.5,10.7,55.7,1.72,che-chuoi-chung,https://i.pinimg.com/originals/0c/be/3f/0cbe3f92d9e0e466b9da84c859b7a68c.jpg
Chè đậu đen,1 ly,419,13.0,9.8,69.8,2.93,che-au-en,https://upload.wikimedia.org/wikipedia/commons/thumb/5/58/CheHigh.jpg/1200px-CheHigh.jpg
Chè đậu trắng,1 ly,413,12.0,9.9,68.8,2.66,che-au-trang,https://youthvoicescount.org/wp-content/uploads/2020/01/Tran-chau-trang-e1533693815438.jpg
Chè đậu xanh đánh,1 chén,359,13.2,10.2,53.4,3.41,che-au-xanh-anh,https://anh.eva.vn/upload/3-2017/images/2017-08-16/chau-tan-bi-che-qua-gia-dan-hau-cung-cua-hoac-kien-hoa-duoc-vi-voi-gai-lau-xanh-chautan-02-eva-vn-1502882868-width600height827.jpg
Chè đậu xanh phổ tai,1 ly,423,12.9,10.1,70.1,4.55,che-au-xanh-pho-tai,https://1.bp.blogspot.com/-yLGNebG3JQ8/Vefram-UUAI/AAAAAAAAK-Q/8VPE2hBWm7E/s1600/che-dau-xanh-pho-tai.jpg
Chè nếp đậu trắng,1 chén,436,11.5,10.0,74.9,2.44,che-nep-au-trang,https://yt.cdnxbvn.com/medias/uploads/45/45345-cach-nau-che-dau-trang-1.jpg
Chè nếp khoai môn,1 chén,385,,4.7,11.0,66.8,che-nep-khoai-mon,https://cdn.cet.edu.vn/wp-content/uploads/2018/12/che-khoai-mon-nep.jpg
Chè táo xọn,1 chén,311,,7.4,9.6,48.6,che-tao-xon,http://4.bp.blogspot.com/-M_Tpx58nP8g/TojtKiEdZtI/AAAAAAAAHqA/tics9QwVEKY/s1600/che+tao+son.jpg
Chè thạch nhãn,1 ly,199,,2.2,0.1,47.2,che-thach-nhan,https://thienanfood.com/wp-content/uploads/2019/10/che-thach-sen-nhan.png
Chè thưng,1 chén,329,,7.1,11.9,48.4,che-thung,https://i.ytimg.com/vi/kkNfFzFtlBo/maxresdefault.jpg
Chè trôi nước,1 chén,513,,11.7,12.0,89.6,che-troi-nuoc,http://charmsofindochina.com/wp-content/uploads/2014/10/che-troi-nuoc2.jpg
Sâm bổ lượng,1 ly,268,,6.4,0.5,59.5,sam-bo-luong,http://2.bp.blogspot.com/-FO5GGLbwjZs/Ud752WiAG-I/AAAAAAAAKcg/KYDK89kgLe4/s1600/sbl2.jpg
Xôi bắp,1 gói,313,,8.2,8.3,51.3,xoi-bap,http://flavorboulevard.com/wp-content/uploads/2010/06/xoi-bap-corn-sticky-rice.jpg
Xôi đậu đen,1 gói,550,,17.4,11.1,95.6,xoi-au-en,https://image-us.24h.com.vn/upload/1-2020/images/2020-01-13/Cach-nau-xoi-gac-mem-thom-do-au-bat-mat-trong-mam-cung-ngay-Tet-1-1578884714-320-width700height1050.jpg
Xôi đậu phộng,1 gói,659,,19.9,28.3,81.4,xoi-au-phong,https://media.foody.vn/res/g18/174817/prof/s650x400/foody-mobile-img_7010-jpg-558-635798994739507442.jpg
Xôi đậu xanh,1 gói,532,,15.4,11.2,92.8,xoi-au-xanh,https://cdn.cet.edu.vn/wp-content/uploads/2019/07/xoi-tra-xanh-thom-ngon.jpg
Xôi gấc,1 gói,589,,12.1,13.8,102.4,xoi-gac,https://vietnamtimes.org.vn/stores/news_dataimages/anhhn/042020/09/10/xoi-gac-fortunate-red-sticky-rice-of-vietnam-25-.3880.jpg
Xôi khúc (cúc),1 gói,395,,10.4,10.5,65.0,xoi-khuc-(cuc),https://i.pinimg.com/originals/0f/71/4e/0f714eb6b30795c353826cdb20a035cc.jpg
Xôi lá cẩm,1 gói,577,,15.0,11.3,104.3,xoi-la-cam,https://i.pinimg.com/originals/dd/d9/99/ddd999a2f1237c8b3985845df48d76ed.jpg
Xôi mặn,1 gói,499,,17.9,18.9,64.7,xoi-man,https://i0.wp.com/katiestestkitchen.com/wp-content/uploads/2018/12/20181201_1033361064933365306054910-e1544637994129.jpg?fit=1800%2C1135&amp;ssl=1
Xôi nếp than,1 gói,515,,13.5,11.0,90.8,xoi-nep-than,http://4.bp.blogspot.com/-Z27qHzbLIMw/VjwvAUj7LRI/AAAAAAAABc0/8ePON1tkXfM/s1600/IMG_0728.JPG
Xôi vị,1 gói,459,,11.6,13.0,74.2,xoi-vi,http://3.bp.blogspot.com/-jDBQQcEbwTs/T0egzk7VeKI/AAAAAAAAAGY/qgCHwuk36aE/s1600/IMG_5950.jpg
Xôi vò,1 gói,509,,14.8,6.9,97.2,xoi-vo,https://navicdn.com/nakk/images/articles/2018/12/10/cach-lam-xoi-vo-nuoc-cot-dua.png
Hột vịt lộn,1 trái,98,,7.3,6.7,2.2,hot-vit-lon,https://hikifood.com/wp-content/uploads/2020/06/7445A7F1-5669-4E92-BA7B-75603CD9B2ED.jpeg
Hột vịt muối,1 trái,90,,6.4,7.0,0.5,hot-vit-muoi,http://3.bp.blogspot.com/-Cp_8lARiau0/T2r1dfloXdI/AAAAAAAABWc/A3nQei8zINw/s1600/IMG_0081.JPG
Trứng cút,1 trái,17,,1.5,1.2,0.1,trung-cut,https://thucphamtantai.com/wp-content/uploads/2019/10/trung-cut.jpg
Trứng gà Mỹ,1 trái,81,,7.3,5.7,0.2,trung-ga-my,http://vikings.vn/wp-content/uploads/2020/10/Ga-ac-ham-thuoc-bac-dong-trung-ha-thao.jpg
Trứng gà ta,1 trái,58,,5.2,4.1,0.2,trung-ga-ta,https://thucphamsachlinhchi.com.vn/uploads/products/243/trung-ga-ta-set-30-qua-5dl.jpg
Trứng vịt bắc thảo,1 trái,94,,6.0,7.3,0.0,trung-vit-bac-thao,https://trungquocsensetravel.com/view/at_trung-vit-bac-thao_3139052c1a248626b71e12c565690039.jpg
Trứng vịt luộc,1 trái,90,,6.4,7.0,0.5,trung-vit-luoc,https://cookbeo.com/media/2020/07/trung-vit-lon-luoc/thumbnails/trung-vit-lon-luoc-768.jpg
Bia,1 ly,141,,1.6,0.0,7.5,bia,"https://lumiere-a.akamaihd.net/v1/images/bia_tr_igp_bia_bia0001_clean_04b86516.png?region=0,0,1080,1080"
Cà phê đen phin,1 tách,40,,0.0,0.0,9.9,ca-phe-en-phin,https://icoffee.vn/image/ca-phe-phin-giay-trung-nguyen-vietnamese-blend-hop-10-phin-a7m3j8x.jpg
Cà phê sữa gói tan,1 tách,85,,1.0,2.4,14.0,ca-phe-sua-goi-tan,https://cf.shopee.vn/file/6d11b0c675f2df9d977fb1488d11ab20
Cocktail trái cây,1 ly,158,,0.9,0.1,38.6,cocktail-trai-cay,https://i.ytimg.com/vi/LvgmodqQt8A/maxresdefault.jpg
Chôm chôm đóng hộp,1ly,138,,0.9,0.0,33.8,chom-chom-ong-hop,https://haligroup.vn/wp-content/uploads/2021/01/6-hop-qua-mat-ong-hoa-chom-chom-tracybee-chinh-hang-min.jpg
Kem cây Kido/Wall,1 cây,86,,1.3,3.7,11.1,kem-cay-kido/wall,http://bizweb.dktcdn.net/thumb/1024x1024/100/094/218/products/kem-walls-neopolitan-3-in-1-840ml.jpg?v=1490257037717
Kem Cornetto,1 cây,202,,3.3,10.3,24.0,kem-cornetto,https://cf.shopee.vn/file/5e392e9010a278746de6cb59259ab5ca
Kem hộp,1 hộp 500ml,381,,6.0,17.0,50.8,kem-hop,https://bizweb.dktcdn.net/100/093/924/products/kem-hop-vinamilk-1-lit.jpg?v=1590746358073
Nước cam vắt,1 ly,226,,0.9,0.0,55.7,nuoc-cam-vat,http://laccoffee.com/wp-content/uploads/2017/05/nuoc-ep-cam.jpg
Nước chanh,1 ly,149,,0.1,0.0,37.2,nuoc-chanh,http://minhlacongai.com/wp-content/uploads/2015/12/nuoc-chanh-2.jpg
Nước ép trái cây đóng hộp,1 ly,74,,0.0,0.0,18.4,nuoc-ep-trai-cay-ong-hop,http://ritajuice.vn/wp-content/uploads/2020/05/nuoc-ep-trai-cay-hon-hop-330ml.jpg
Nước mía,1 ly,106,,0.0,0.0,26.0,nuoc-mia,https://www.foodnk.com/wp-content/uploads/2020/10/tong-quan-qua-trinh-lam-sach-nuoc-mia-trong-cong-nghe-mia-duong-p1-min.jpg
Nước ngọt có gaz,1 lon,146,,0.0,0.0,36.2,nuoc-ngot-co-gaz,https://bidrico.com.vn/wp-content/uploads/2020/11/Nuoc-ngot-co-gaz-huong-vai-12-chai-1.25l.png
Nước rau má,1 ly,174,,4.4,0.0,39.2,nuoc-rau-ma,http://runawayrice.com/wp-content/uploads/2018/05/Pennywort-Juice-Nuoc-Rau-Ma.jpg
Nước sâm,1 ly,74,,0.0,0.0,19.9,nuoc-sam,https://sieuthisamhanquoc.com.vn/LegowebFile/Image/cach-nau-nuoc-sam.jpg
Phô mai Bò cười,1 miếng nhỏ,67,,4.6,5.4,0.0,pho-mai-bo-cuoi,https://sodafoods.com/wp-content/uploads/2017/05/pho-mai-con-bo-cuoi.jpg
Sinh tố,1 ly,277,,3.2,3.2,58.8,sinh-to,https://phunuketnoi.com/wp-content/uploads/2020/04/sinh-to-xoai.jpg
Sữa chua uống Yo-Most,1 hộp nhỏ,134,,2.8,1.9,28.0,sua-chua-uong-yo-most,https://bizweb.dktcdn.net/thumb/1024x1024/100/126/092/products/scu-yomost-luu-170ml-loc-3-1.jpg?v=1543140026087
Sữa chua Yoghurt Vinamilk,1 hủ nhỏ,137,,3.8,4.0,21.6,sua-chua-yoghurt-vinamilk,https://bizweb.dktcdn.net/100/165/205/products/sua-chua-an-vinamilk-greek-yoghurt-style-trai-cay-dau-322d072f-b7cd-4b92-92a0-cd328292b592.png?v=1569483088573
Sữa đặc có đường,1 hộp nhỏ,88,,2.0,2.4,14.7,sua-ac-co-uong,https://panclinic.vn/wp-content/uploads/2020/12/uong-sua-ensure-co-beo-khong3.png
Sữa đậu nành Tribeco,1 hộp nhỏ,136,,6.0,2.9,15.0,sua-au-nanh-tribeco,https://cdn.tgdd.vn/Products/Images/2943/175002/bhx/sua-dau-nanh-tribeco-trisoy-lon-240ml-201812062110376934.jpg
Sữa hộp Cô gái Hà lan,1 hộp nhỏ,152,,6.5,6.0,18.1,sua-hop-co-gai-ha-lan,https://cf.shopee.vn/file/b395514d443d5c9df1a86437cf2e320b
Thạch dừa,1 cái,14,,0.4,0.0,3.9,thach-dua,http://anhhongfood.com/wp-content/uploads/2015/10/Thach-dua-ly-2.png
Trái dừa tươi,1 trái,128,,5.2,1.7,22.8,trai-dua-tuoi,https://songkhoeitbenh.com/nguyenminhhai_1194419W/upload/ckfinder/images/trai-dua-tuoi.jpg
Vải đóng hộp,1 ly,129,,0.9,0.0,31.6,vai-ong-hop,https://sohanews.sohacdn.com/2018/photo-3-1515100362564.jpg
Bơ,1 trái,184,,3.5,17.1,4.2,bo,https://www.al.com/resizer/OQioK2lOOnkRRUVEZB9xXKOOEiA=/1280x0/smart/cloudfront-us-east-1.images.arcpublishing.com/advancelocal/XNAEYBZC3ZHYXLKW6WOEQ3OZVE.jpg
Chuối cau,1 trái,25,,0.5,0.2,8.1,chuoi-cau,https://dl.airtable.com/iFgh8kTGSq1W6RZzowuA_IMG_5417-large%402x.jpg
Chuối sứ,1 trái,54,,0.5,0.2,7.8,chuoi-su,https://saigontraicay.com/wp-content/uploads/2017/04/chuoi-su.jpg
Thơm,1 miếng,17,,0.5,0.0,3.9,thom,https://3.bp.blogspot.com/_DeaXt22IRtY/TUM12gCXUtI/AAAAAAAACXs/4JXXF5nlzls/s1600/2007%2Blight.jpg
Xoài,1 trái,179,,1.6,0.8,41.2,xoai,https://traicaytuoinhapkhau.net/wp-content/uploads/2020/03/xoai-cat.jpg
Nhãn tiêu,1 trái,2,,0.4,0.0,0.4,nhan-tieu,http://orga.vn/Media/Thumbs/0001/0001990-nhan-tieu-da-bo.jpg
Nhãn thường,1 trái,4,,0.1,0.0,0.9,nhan-thuong,https://timviec365.vn/pictures/images/khi-nao-khen-thuong-nhan-vien.jpg
Táo ta,1 trái,9,,0.2,0.0,2.1,tao-ta,https://hikifood.com/wp-content/uploads/2020/08/Tao-Ta.jpg
Mít tố nữ,1 múi,10,,0.2,0.0,2.2,mit-to-nu,https://dacsanngon3mien.net/wp-content/uploads/2016/09/mit-to-nu-1-1.jpg
Mít nghệ,1 múi,11,,0.3,0.0,2.5,mit-nghe,https://sites.google.com/site/sanxuatgiongcaytronghatinh/mit-nghe/1400093549_1 (1).jpg?attredirects=0
Vải đóng hộp,1 trái,9,,0.1,0.0,2.1,vai-ong-hop,http://phongsonhoney.com/upload/thumb/1573574910_hop-3-hu-mat-ong-hoa-vai-la-cao-su-la-keo0.jpg
Chôm chôm,1 trái,14,,0.3,0.0,3.3,chom-chom,https://www.mellownspicy.com/wp-content/uploads/2012/10/CHam_cham4.jpg
Măng cụt,1 trái,13,,0.1,0.0,3.5,mang-cut,https://chk.ss-hn-1.vccloud.vn/Media/Product/mang-cut-20200325070101244-1828093202.jpg
Sầu riêng,1 trái,28,,0.5,0.3,5.7,sau-rieng,https://s1.bloganchoi.com/wp-content/uploads/2018/05/sau-rieng.jpg
Chuối khô,1 trái,42,,0.7,0.0,9.9,chuoi-kho,https://xusodua.com/wp-content/uploads/2018/07/4a090-s3-600x469.jpg
Hạt điều,1 đĩa,291,,9.2,24.7,8.2,hat-ieu,https://hattieu.vn/wp-content/uploads/2017/06/hat-tieu-den-12.jpg
Quýt,1 trái,28,,0.6,0.0,6.4,quyt,http://giongcaynongnghiep.vn/wp-content/uploads/2019/07/quýt.jpg
Nho khô,1 đĩa nhỏ,158,,1.4,0.1,41.7,nho-kho,https://dkharvest.com/wp-content/uploads/2020/04/IMG_2371.jpg
Cóc,1 trái,34,,1.0,0.0,7.4,coc,https://image.winudf.com/v2/image/Y29tLnhpYW9odWkuY29jbWFwc3RoOV9zY3JlZW5fM18xNTM0ODcwNjI5XzAxMg/screen-3.jpg?fakeurl=1&amp;type=.jpg
Nho Mỹ (đỏ/xanh),100 gram,68,,0.4,0.0,16.5,nho-my-(o/xanh),https://i1.wp.com/thucphamtantai.com/wp-content/uploads/2019/10/nho-my-xanh.jpg?ssl=1
Khoai môn,1 củ,57,,0.9,0.1,113.3,khoai-mon,https://www.hoidaubepaau.com/wp-content/uploads/2019/08/cach-chon-khoai-mon.jpg
Chuối già,1 trái,74,,1.1,0.2,16.9,chuoi-gia,https://saigontraicay.com/wp-content/uploads/2017/04/chuoi-gia-huong-1.jpg
Dưa hấu,1 miếng,21,,1.6,0.3,3.0,dua-hau,https://bacsithe.com/images/dinh-duong/dua-hau.jpg
Mãng cầu ta,1 trái,56,,1.4,0.0,12.6,mang-cau-ta,https://tapdoanvinasa.com/wp-content/uploads/2019/10/mang-cau-ta.tapdoanvinasa-05.jpg
Bưởi,1 múi,8,,0.1,0.0,5.1,buoi,https://www.parcogallipolicognato.it/images/gallery/sport-natura-divertimento/buoi basileus.JPG
Khoai lang,1 củ,131,,1.4,0.3,30.6,khoai-lang,http://sieuthiandam.com/wp-content/uploads/2018/03/0001895-khoai-lang-600x600.jpg
Bắp xào,1 đĩa,317,,10.4,12.3,41.0,bap-xao,https://cdn.beptruong.edu.vn/wp-content/uploads/2020/05/bap-xao-bo.jpg
Lê,1 trái,91,,1.4,0.4,20.6,le,https://www.lerobert.com/sites/default/files/ouvrage/34e855525b31353534323939333334323630323334.png
Khoai từ,1 củ,98,,1.6,0.0,23.0,khoai-tu,http://giammoantoan.info/wp-content/uploads/2020/10/an-khoai-tu-co-beo-khong1-e1603874242330.jpeg
Khoai mì,1 khúc,137,,1.0,0.2,32.8,khoai-mi,https://caythuoc.org/wp-content/uploads/2019/07/Cu-khoai-mi.jpg
Táo tây,1 trái,107,,1.1,0.0,25.8,tao-tay,http://www.caygiong.org/upload/admin/image/Tao/Tao-tay.jpg
Bắp luộc,1 trái,192,,4.5,2.5,37.8,bap-luoc,https://image-us.24h.com.vn/upload/4-2020/images/2020-10-08/Muon-luoc-bap-ngo-deo-thom-nhu-ngoai-tiem-chi-can-them-2-thu-nay-vao-la-du-0-1602125172-124-width1440height1080.jpeg
Bắp nướng,1 trái,272,,4.8,7.6,46.0,bap-nuong,https://i.pinimg.com/originals/95/3c/5c/953c5cd965a8db7cf224d287188b2226.jpg
Mãng cầu xiêm,1 miếng,40,,1.4,0.0,8.6,mang-cau-xiem,https://i0.wp.com/media.vietq.vn/files/mang_cau_xiem_chua_ung_thu_3.jpg
Khế,1 trái,9,,0.4,0.0,1.9,khe,https://yt3.ggpht.com/a/AATXAJzuvM9UNmDwHrsRn9ST5gGqZcvYBn-IVTw4jw=s900-c-k-c0xffffffff-no-rj-mo
Khoai tây,1 đĩa nhỏ,131,,0.6,8.9,12.3,khoai-tay,https://thuocchuabenh.vn/wp-content/uploads/khoai-tay.jpg
Khoai lang chiên,100 gram,325,,2.6,15.8,43.1,khoai-lang-chien,https://yeuamthuc.org/wp-content/uploads/2020/03/khoai-lang-chien12-646f19e6.jpg
Đậu phộng nấu,1 lon,395,,19.0,30.7,10.7,au-phong-nau,https://vn-live-03.slatic.net/p/8/nhan-nam-thep-titan-khong-gi-vien-ngoc-bich-nau-giua-phong-cach-chau-au-br28-1506094230-4353337-95981a8640f8cdd877e69c7ad71967ee-product.jpg
Đậu phộng da cá,1 đĩa nhỏ,270,,8.9,16.1,23.2,au-phong-da-ca,https://cdn.tgdd.vn/Products/Images/3487/193588/bhx/dau-phong-da-ca-vi-pho-mai-nutz-poca-goi-42g-201911061626402893.jpg
Đu đủ,1 miếng,125,,3.6,0.0,27.7,u-u,http://www.drodd.com/images14/u8.png
Hồng đỏ,1 trái,25,,0.6,0.0,5.6,hong-o,https://c.okmusic.jp/news_details/images/113116141/original.jpg?1536119925
Nho ta (tím),100 gram,14,,0.4,0.0,3.1,nho-ta-(tim),https://toplist.vn/images/800px/bai-van-ta-gian-cay-nho-so-8-619118.jpg
Sơ ri,100 gram,14,,0.4,0.0,3.1,so-ri,https://www.hawtcelebs.com/wp-content/uploads/2016/09/so-ri-moon-at-73rd-venice-film-festival-jury-photocall-in-venice-08-31-2016_10.jpg
Dđậu phộng rang,1 đĩa nhỏ,573,,27.5,44.5,15.5,dau-phong-rang,https://cdn.jamja.vn/blog/wp-content/uploads/2017/09/cach-lam-dau-phong-rang-muoi-duong.jpg
Đậu phộng chiên muối,1 đĩa nhỏ,618,,27.5,49.5,15.5,au-phong-chien-muoi,https://comvietnam.com/images/file/uz4Cx3D60AgBAPo4/am-thuc-viet-nam-muc-chien-muoi-ot-2.jpg
Cam,1 trái,68,,1.7,0.0,15.5,cam,https://i5.walmartimages.com/asr/e21a1dff-559d-4ef0-a06a-764c1b7cd4ed_1.b0b46d7905d569fb68cbfa8862099d69.jpeg
Chuối sấy,1 đĩa nhỏ,250,,1.8,10.7,37.5,chuoi-say,https://dacsanlamqua.com/wp-content/uploads/2016/08/chuoi_say2.jpg
Mít sấy,1 đĩa nhỏ,106,,1.8,2.7,19.4,mit-say,https://tamhuudung.com/wp-content/uploads/2019/10/mit-say-THD-100g.jpg
Vú sữa,1 trái,83,,2.0,0.0,18.5,vu-sua,https://hikifood.com/wp-content/uploads/2020/08/11233-vu-sua.jpg
Ổi,1 trái,53,,1.0,0.0,12.3,oi,https://logospng.org/download/oi/logo-oi-1536.png
Thanh long,1 trái,225,,7.3,0.0,49.0,thanh-long,https://yt3.ggpht.com/a/AATXAJyCh-goEB0haB3GsdLFvyuIE3q1DygG7IIxdA=s900-c-k-c0xffffffff-no-rj-mo
Mận đỏ,1 trái,11,,0.3,0.0,2.5,man-o,https://a57.foxnews.com/a57.foxnews.com/static.foxnews.com/foxnews.com/content/uploads/2018/09/640/320/1862/1048/Portuguese20Man20O20War20istock.jpg?ve=1&amp;tl=1?ve=1&amp;tl=1
Củ sắn,1 củ,52,,1.9,0.0,11.1,cu-san,https://www.thanh-binh.fr/9657-large_default/cu-san-pachyrizus-vietnam-piece-frais-env-500g.jpg
